Bin,Value_km,ValMin_km,ValMax_km,ACM,ACN,Star,StarD,PL,PX,RB,Part,DebASAT,DebColl,Deb,Err,Total
0,202.5000,200.0000,205.0000,0,1,0,0,0,0,0,0,0,0,0,0,1
1,207.5000,205.0000,210.0000,0,0,0,0,0,0,0,0,0,0,0,0,0
2,212.5000,210.0000,215.0000,0,0,0,0,0,0,0,0,0,0,0,0,0
3,217.5000,215.0000,220.0000,0,0,0,0,0,0,0,0,0,0,0,0,0
4,222.5000,220.0000,225.0000,0,2,1,0,0,0,0,0,0,0,0,0,3
5,227.5000,225.0000,230.0000,0,0,2,0,0,0,0,0,0,0,0,0,2
6,232.5000,230.0000,235.0000,0,0,0,0,0,0,0,0,0,0,0,0,0
7,237.5000,235.0000,240.0000,0,2,2,0,0,0,0,0,0,0,0,0,4
8,242.5000,240.0000,245.0000,0,1,0,1,0,0,0,0,0,0,0,0,2
9,247.5000,245.0000,250.0000,0,0,2,0,0,0,0,0,0,0,0,0,2
10,252.5000,250.0000,255.0000,0,1,1,1,0,0,0,0,0,0,0,0,3
11,257.5000,255.0000,260.0000,0,1,0,0,0,0,0,0,0,0,1,0,2
12,262.5000,260.0000,265.0000,1,0,1,0,0,0,0,0,0,0,1,0,3
13,267.5000,265.0000,270.0000,0,0,0,0,0,0,0,0,0,0,0,0,0
14,272.5000,270.0000,275.0000,0,3,5,0,0,0,0,0,0,0,0,0,8
15,277.5000,275.0000,280.0000,1,0,17,0,0,0,0,0,0,1,0,0,19
16,282.5000,280.0000,285.0000,5,2,14,0,0,0,0,0,1,0,0,0,22
17,287.5000,285.0000,290.0000,14,1,0,1,2,0,0,0,0,1,0,0,19
18,292.5000,290.0000,295.0000,2,1,6,0,3,0,0,0,0,0,0,0,12
19,297.5000,295.0000,300.0000,11,0,2,0,1,0,1,0,0,0,0,0,15
20,302.5000,300.0000,305.0000,14,0,16,0,0,0,0,0,1,0,0,0,31
21,307.5000,305.0000,310.0000,3,3,11,1,0,0,0,0,0,0,0,0,18
22,312.5000,310.0000,315.0000,0,0,5,1,1,0,1,0,0,0,0,0,8
23,317.5000,315.0000,320.0000,1,4,20,0,1,0,0,0,0,0,0,0,26
24,322.5000,320.0000,325.0000,0,4,2,0,0,0,0,0,0,0,1,0,7
25,327.5000,325.0000,330.0000,0,2,29,0,0,0,0,0,0,0,0,0,31
26,332.5000,330.0000,335.0000,0,5,6,1,1,0,0,0,1,0,1,0,15
27,337.5000,335.0000,340.0000,0,4,30,0,2,0,0,0,0,0,0,0,36
28,342.5000,340.0000,345.0000,2,5,4,0,1,0,1,0,0,0,1,0,14
29,347.5000,345.0000,350.0000,2,6,29,0,2,0,1,0,0,0,3,0,43
30,352.5000,350.0000,355.0000,4,4,9,0,1,0,1,0,0,0,0,0,19
31,357.5000,355.0000,360.0000,0,3,628,0,0,0,0,0,0,0,0,0,631
32,362.5000,360.0000,365.0000,0,10,5,1,1,0,1,0,0,0,2,0,20
33,367.5000,365.0000,370.0000,2,14,4,0,3,0,2,1,0,1,0,0,27
34,372.5000,370.0000,375.0000,0,14,29,0,0,1,0,0,2,0,1,0,47
35,377.5000,375.0000,380.0000,1,2,6,0,2,0,2,1,0,0,1,0,15
36,382.5000,380.0000,385.0000,0,7,2,0,1,1,5,0,0,0,2,0,18
37,387.5000,385.0000,390.0000,0,7,4,1,4,0,1,0,0,1,2,0,20
38,392.5000,390.0000,395.0000,3,8,3,0,2,0,2,0,2,0,1,0,21
39,397.5000,395.0000,400.0000,3,10,4,1,2,1,1,1,1,0,0,0,24
40,402.5000,400.0000,405.0000,2,5,4,0,2,0,1,1,1,0,1,0,17
41,407.5000,405.0000,410.0000,4,10,5,0,3,0,1,0,0,1,3,0,27
42,412.5000,410.0000,415.0000,3,8,2,0,1,0,0,2,1,0,1,0,18
43,417.5000,415.0000,420.0000,2,10,20,0,1,0,0,0,3,1,2,0,39
44,422.5000,420.0000,425.0000,4,17,6,0,2,0,2,0,0,0,0,0,31
45,427.5000,425.0000,430.0000,4,10,9,2,3,0,3,1,0,0,1,0,33
46,432.5000,430.0000,435.0000,4,32,8,0,6,0,5,1,2,0,1,0,59
47,437.5000,435.0000,440.0000,5,28,87,0,4,0,2,1,1,0,4,0,132
48,442.5000,440.0000,445.0000,9,22,22,0,3,0,4,1,0,0,1,0,62
49,447.5000,445.0000,450.0000,8,28,332,2,6,1,3,0,1,1,1,0,383
50,452.5000,450.0000,455.0000,16,48,7,0,3,0,1,2,0,1,6,0,84
51,457.5000,455.0000,460.0000,38,46,8,0,5,1,3,0,1,0,2,0,104
52,462.5000,460.0000,465.0000,20,27,4,0,5,1,5,2,0,2,2,0,68
53,467.5000,465.0000,470.0000,7,29,15,0,4,0,7,2,1,0,3,0,68
54,472.5000,470.0000,475.0000,7,30,296,0,4,0,3,1,1,1,5,0,348
55,477.5000,475.0000,480.0000,22,66,712,1,1,0,9,4,1,1,4,0,821
56,482.5000,480.0000,485.0000,24,32,1337,0,9,0,2,4,0,0,8,0,1416
57,487.5000,485.0000,490.0000,13,50,57,0,10,0,4,3,2,0,2,0,141
58,492.5000,490.0000,495.0000,22,46,8,1,8,0,3,0,3,1,3,0,95
59,497.5000,495.0000,500.0000,17,103,8,1,10,0,5,0,2,3,2,0,151
60,502.5000,500.0000,505.0000,23,86,13,0,5,0,4,1,0,4,4,0,140
61,507.5000,505.0000,510.0000,23,60,7,0,9,0,6,4,3,3,3,0,118
62,512.5000,510.0000,515.0000,19,74,11,0,9,0,7,3,1,3,8,0,135
63,517.5000,515.0000,520.0000,19,30,4,0,8,0,0,3,1,1,1,0,67
64,522.5000,520.0000,525.0000,4,33,7,0,5,0,4,2,0,2,8,0,65
65,527.5000,525.0000,530.0000,9,29,1,0,15,0,2,4,3,0,2,0,65
66,532.5000,530.0000,535.0000,2,20,5,0,6,0,4,1,1,1,8,0,48
67,537.5000,535.0000,540.0000,4,25,1409,0,6,0,3,5,3,4,12,0,1471
68,542.5000,540.0000,545.0000,2,23,4,0,6,0,4,8,5,1,7,0,60
69,547.5000,545.0000,550.0000,3,17,782,0,8,0,5,4,2,9,8,0,838
70,552.5000,550.0000,555.0000,5,12,5,1,15,0,2,12,3,2,5,0,62
71,557.5000,555.0000,560.0000,3,12,1292,0,11,0,4,7,3,5,10,0,1347
72,562.5000,560.0000,565.0000,6,20,216,0,10,0,7,4,1,4,15,0,283
73,567.5000,565.0000,570.0000,34,16,15,0,13,0,3,5,5,6,8,0,105
74,572.5000,570.0000,575.0000,11,13,453,0,4,0,2,3,6,7,10,0,509
75,577.5000,575.0000,580.0000,136,22,0,0,6,0,3,4,2,7,10,0,190
76,582.5000,580.0000,585.0000,6,28,0,0,10,1,4,6,7,3,13,0,78
77,587.5000,585.0000,590.0000,9,43,0,0,9,0,4,4,3,4,9,0,85
78,592.5000,590.0000,595.0000,12,46,0,0,7,0,3,6,2,4,9,0,89
79,597.5000,595.0000,600.0000,7,11,0,0,8,0,6,8,3,3,15,0,61
80,602.5000,600.0000,605.0000,7,5,0,0,9,1,1,2,8,7,12,0,52
81,607.5000,605.0000,610.0000,1,8,0,0,7,1,13,4,7,6,14,0,61
82,612.5000,610.0000,615.0000,8,5,0,0,5,0,35,5,6,5,16,0,85
83,617.5000,615.0000,620.0000,2,4,0,0,13,1,5,10,9,5,16,0,65
84,622.5000,620.0000,625.0000,8,12,0,0,19,0,6,4,3,2,17,0,71
85,627.5000,625.0000,630.0000,12,10,0,0,12,0,8,5,7,3,19,0,76
86,632.5000,630.0000,635.0000,4,8,0,0,9,0,5,6,4,9,23,0,68
87,637.5000,635.0000,640.0000,8,5,0,0,8,0,1,4,8,8,23,0,65
88,642.5000,640.0000,645.0000,5,6,0,0,6,0,3,7,8,13,20,0,68
89,647.5000,645.0000,650.0000,1,8,0,0,14,0,2,5,9,13,24,0,76
90,652.5000,650.0000,655.0000,5,20,0,0,5,0,3,6,6,16,28,0,89
91,657.5000,655.0000,660.0000,2,6,0,0,10,0,4,7,11,12,23,0,75
92,662.5000,660.0000,665.0000,6,0,0,0,7,0,3,7,12,11,26,0,72
93,667.5000,665.0000,670.0000,4,8,0,0,7,0,4,1,8,14,29,0,75
94,672.5000,670.0000,675.0000,0,3,0,0,5,0,2,2,10,15,42,0,79
95,677.5000,675.0000,680.0000,7,2,0,0,10,0,2,8,11,16,39,0,95
96,682.5000,680.0000,685.0000,3,9,0,0,13,0,9,6,10,13,39,0,102
97,687.5000,685.0000,690.0000,3,8,0,0,4,0,2,6,9,11,40,0,83
98,692.5000,690.0000,695.0000,3,11,0,0,10,0,1,10,17,16,40,0,108
99,697.5000,695.0000,700.0000,18,8,0,0,7,0,1,7,11,19,43,0,114
100,702.5000,700.0000,705.0000,6,5,0,0,3,0,8,4,15,27,46,0,114
101,707.5000,705.0000,710.0000,0,0,0,0,13,0,3,4,24,11,43,0,98
102,712.5000,710.0000,715.0000,1,1,0,0,4,0,3,8,23,17,51,0,108
103,717.5000,715.0000,720.0000,0,2,0,0,7,0,6,8,14,9,53,0,99
104,722.5000,720.0000,725.0000,0,3,0,0,3,0,4,8,20,15,46,0,99
105,727.5000,725.0000,730.0000,0,1,0,0,5,0,1,16,13,27,57,0,120
106,732.5000,730.0000,735.0000,0,1,0,0,6,0,8,6,28,21,44,0,114
107,737.5000,735.0000,740.0000,2,7,0,0,9,0,1,9,21,18,49,0,116
108,742.5000,740.0000,745.0000,0,4,0,0,5,0,9,5,19,15,47,0,104
109,747.5000,745.0000,750.0000,7,2,0,0,3,0,9,12,31,15,46,0,125
110,752.5000,750.0000,755.0000,4,3,0,0,7,0,5,5,27,30,71,0,152
111,757.5000,755.0000,760.0000,1,4,0,0,7,0,12,6,32,19,61,0,142
112,762.5000,760.0000,765.0000,1,6,0,0,13,0,20,8,32,18,69,0,167
113,767.5000,765.0000,770.0000,1,8,0,0,27,0,15,9,30,24,62,0,176
114,772.5000,770.0000,775.0000,2,6,0,0,19,0,5,6,37,17,40,0,132
115,777.5000,775.0000,780.0000,67,6,0,0,29,0,7,7,34,19,114,0,283
116,782.5000,780.0000,785.0000,5,1,0,0,14,0,6,8,32,13,64,0,143
117,787.5000,785.0000,790.0000,2,8,0,0,18,0,6,9,40,6,63,0,152
118,792.5000,790.0000,795.0000,0,6,0,0,14,0,5,8,23,4,64,0,124
119,797.5000,795.0000,800.0000,12,2,0,0,9,0,5,7,45,5,74,0,159
120,802.5000,800.0000,805.0000,4,2,0,0,8,0,9,9,40,6,63,0,141
121,807.5000,805.0000,810.0000,0,3,0,0,12,0,5,8,49,9,79,0,165
122,812.5000,810.0000,815.0000,0,6,0,0,16,0,4,7,58,10,74,0,175
123,817.5000,815.0000,820.0000,3,8,0,0,3,0,9,2,61,5,73,0,164
124,822.5000,820.0000,825.0000,0,5,0,0,2,0,3,5,50,6,82,0,153
125,827.5000,825.0000,830.0000,7,3,0,0,6,0,4,4,62,4,78,0,168
126,832.5000,830.0000,835.0000,0,1,0,0,4,0,8,6,42,6,80,0,147
127,837.5000,835.0000,840.0000,0,1,0,0,10,0,7,1,50,2,74,0,145
128,842.5000,840.0000,845.0000,1,2,0,0,11,0,13,4,54,3,64,0,152
129,847.5000,845.0000,850.0000,2,2,0,0,16,0,2,1,69,3,64,0,159
130,852.5000,850.0000,855.0000,6,1,0,0,11,0,5,3,59,5,65,0,155
131,857.5000,855.0000,860.0000,0,1,0,0,8,0,4,1,56,2,75,0,147
132,862.5000,860.0000,865.0000,5,0,0,0,8,0,8,4,54,3,74,0,156
133,867.5000,865.0000,870.0000,0,0,0,0,3,0,7,3,57,2,72,0,144
134,872.5000,870.0000,875.0000,11,0,0,0,1,0,6,3,40,2,56,0,119
135,877.5000,875.0000,880.0000,2,0,0,0,3,0,2,7,39,4,57,0,114
136,882.5000,880.0000,885.0000,0,0,0,0,5,0,2,1,44,3,57,0,112
137,887.5000,885.0000,890.0000,5,0,0,0,4,0,5,2,52,3,45,0,116
138,892.5000,890.0000,895.0000,0,5,0,0,3,0,4,3,29,5,42,0,91
139,897.5000,895.0000,900.0000,0,16,0,0,6,0,1,2,20,9,45,0,99
140,902.5000,900.0000,905.0000,5,0,0,0,11,0,3,5,23,1,53,0,101
141,907.5000,905.0000,910.0000,4,1,0,0,15,0,1,4,23,2,47,0,97
142,912.5000,910.0000,915.0000,0,3,0,0,3,0,3,5,19,2,45,0,80
143,917.5000,915.0000,920.0000,0,0,0,0,3,0,2,5,26,0,44,0,80
144,922.5000,920.0000,925.0000,1,0,0,0,2,0,2,3,16,3,42,0,69
145,927.5000,925.0000,930.0000,0,1,0,0,7,0,2,9,17,0,28,0,64
146,932.5000,930.0000,935.0000,0,0,0,0,1,0,3,8,16,1,40,0,69
147,937.5000,935.0000,940.0000,0,1,0,0,7,0,0,3,14,3,32,0,60
148,942.5000,940.0000,945.0000,11,0,0,0,12,0,2,4,19,2,29,0,79
149,947.5000,945.0000,950.0000,12,0,0,0,11,0,11,2,18,1,31,0,86
150,952.5000,950.0000,955.0000,0,2,0,0,9,0,3,1,24,2,25,0,66
151,957.5000,955.0000,960.0000,0,0,0,0,5,0,3,5,5,2,35,0,55
152,962.5000,960.0000,965.0000,0,0,0,0,4,0,3,7,15,3,34,0,66
153,967.5000,965.0000,970.0000,2,2,0,0,10,0,23,7,14,2,33,0,93
154,972.5000,970.0000,975.0000,2,0,0,0,6,0,54,16,18,0,28,0,124
155,977.5000,975.0000,980.0000,0,1,0,0,46,0,43,14,22,0,28,0,154
156,982.5000,980.0000,985.0000,5,1,0,0,54,0,27,20,10,2,28,0,147
157,987.5000,985.0000,990.0000,0,0,0,0,35,0,12,21,16,0,29,0,113
158,992.5000,990.0000,995.0000,0,1,0,0,29,0,4,13,9,2,23,0,81
159,997.5000,995.0000,1000.0000,5,0,0,0,5,0,5,10,13,1,24,0,63
160,1002.5000,1000.0000,1005.0000,5,0,0,0,5,0,5,8,20,2,18,0,63
161,1007.5000,1005.0000,1010.0000,1,0,0,0,2,0,2,4,12,2,30,0,53
162,1012.5000,1010.0000,1015.0000,0,0,0,0,1,0,1,3,12,3,16,0,36
163,1017.5000,1015.0000,1020.0000,0,0,0,0,0,0,2,3,10,4,13,0,32
164,1022.5000,1020.0000,1025.0000,5,0,0,0,1,0,0,6,8,0,17,0,37
165,1027.5000,1025.0000,1030.0000,1,0,0,0,2,0,2,3,12,1,23,0,44
166,1032.5000,1030.0000,1035.0000,0,1,0,0,3,0,2,3,16,1,17,0,43
167,1037.5000,1035.0000,1040.0000,0,0,0,0,3,0,2,1,9,1,23,0,39
168,1042.5000,1040.0000,1045.0000,1,0,0,0,1,0,1,1,11,4,21,0,40
169,1047.5000,1045.0000,1050.0000,1,7,0,0,2,0,2,4,9,1,21,0,47
170,1052.5000,1050.0000,1055.0000,1,2,0,0,2,0,0,4,5,4,26,0,44
171,1057.5000,1055.0000,1060.0000,0,0,0,0,4,0,3,0,9,2,14,0,32
172,1062.5000,1060.0000,1065.0000,0,1,0,0,1,0,3,6,7,3,9,0,30
173,1067.5000,1065.0000,1070.0000,69,1,0,0,5,0,2,6,5,1,17,0,106
174,1072.5000,1070.0000,1075.0000,1,0,0,0,2,0,4,2,3,3,16,0,31
175,1077.5000,1075.0000,1080.0000,1,0,0,0,2,0,1,8,2,2,18,0,34
176,1082.5000,1080.0000,1085.0000,0,0,0,0,4,0,2,4,3,1,9,0,23
177,1087.5000,1085.0000,1090.0000,15,1,0,0,18,0,4,9,12,1,9,0,69
178,1092.5000,1090.0000,1095.0000,0,0,0,0,6,0,4,23,2,1,16,0,52
179,1097.5000,1095.0000,1100.0000,1,3,0,0,7,0,4,7,6,0,17,0,45
180,1102.5000,1100.0000,1105.0000,8,4,0,0,4,0,3,7,7,1,15,0,49
181,1107.5000,1105.0000,1110.0000,14,0,0,0,2,0,1,18,8,2,15,0,60
182,1112.5000,1110.0000,1115.0000,2,2,0,0,1,0,2,2,3,0,14,0,26
183,1117.5000,1115.0000,1120.0000,0,0,0,0,0,0,1,2,6,1,10,0,20
184,1122.5000,1120.0000,1125.0000,0,1,0,0,4,0,2,2,11,1,9,0,30
185,1127.5000,1125.0000,1130.0000,0,0,0,0,2,0,2,2,6,0,12,0,24
186,1132.5000,1130.0000,1135.0000,0,0,0,0,2,0,1,4,5,1,14,0,27
187,1137.5000,1135.0000,1140.0000,0,0,0,0,1,0,1,1,5,0,19,0,27
188,1142.5000,1140.0000,1145.0000,0,0,0,0,0,0,2,1,5,0,20,0,28
189,1147.5000,1145.0000,1150.0000,10,0,0,0,0,0,1,2,5,0,8,0,26
190,1152.5000,1150.0000,1155.0000,0,0,0,0,2,0,1,1,7,0,7,0,18
191,1157.5000,1155.0000,1160.0000,0,0,0,0,1,0,1,2,2,0,15,0,21
192,1162.5000,1160.0000,1165.0000,1,0,0,0,0,0,1,4,4,0,6,0,16
193,1167.5000,1165.0000,1170.0000,20,0,0,0,0,0,1,1,1,1,11,0,35
194,1172.5000,1170.0000,1175.0000,2,0,0,0,3,0,0,3,4,1,10,0,23
195,1177.5000,1175.0000,1180.0000,50,0,0,0,0,0,3,3,4,0,16,0,76
196,1182.5000,1180.0000,1185.0000,53,0,0,0,2,0,2,2,3,2,10,0,74
197,1187.5000,1185.0000,1190.0000,100,0,0,0,1,0,4,2,2,0,9,0,118
198,1192.5000,1190.0000,1195.0000,52,0,0,0,6,0,3,4,0,0,11,0,76
199,1197.5000,1195.0000,1200.0000,58,1,0,0,9,0,3,1,3,0,9,0,84
200,1202.5000,1200.0000,1205.0000,58,0,0,0,1,2,2,0,2,1,7,0,73
201,1207.5000,1205.0000,1210.0000,106,0,0,0,1,0,0,2,3,0,8,0,120
202,1212.5000,1210.0000,1215.0000,53,0,0,0,0,0,1,1,3,0,12,0,70
203,1217.5000,1215.0000,1220.0000,61,1,0,0,1,0,1,2,1,0,10,0,77
204,1222.5000,1220.0000,1225.0000,57,0,0,0,0,0,0,2,1,0,12,0,72
205,1227.5000,1225.0000,1230.0000,1,0,0,0,0,0,0,1,3,0,11,0,16
206,1232.5000,1230.0000,1235.0000,0,0,0,0,0,0,1,0,2,0,6,0,9
207,1237.5000,1235.0000,1240.0000,0,0,0,0,0,0,1,1,3,0,9,0,14
208,1242.5000,1240.0000,1245.0000,0,0,0,0,3,0,1,1,3,0,6,0,14
209,1247.5000,1245.0000,1250.0000,0,0,0,0,0,0,1,1,2,0,7,0,11
210,1252.5000,1250.0000,1255.0000,0,0,0,0,0,0,0,0,3,0,18,0,21
211,1257.5000,1255.0000,1260.0000,0,0,0,0,0,0,0,0,3,0,17,0,20
212,1262.5000,1260.0000,1265.0000,0,0,0,0,0,0,0,1,1,0,33,0,35
213,1267.5000,1265.0000,1270.0000,0,0,0,0,0,0,0,0,2,0,26,0,28
214,1272.5000,1270.0000,1275.0000,0,0,0,0,3,0,0,0,0,0,41,0,44
215,1277.5000,1275.0000,1280.0000,0,0,0,0,1,0,0,0,7,0,32,0,40
216,1282.5000,1280.0000,1285.0000,0,0,0,0,0,0,1,0,0,0,32,0,33
217,1287.5000,1285.0000,1290.0000,0,0,0,0,1,0,0,1,1,0,12,0,15
218,1292.5000,1290.0000,1295.0000,0,1,0,0,0,0,1,3,0,0,15,0,20
219,1297.5000,1295.0000,1300.0000,0,0,0,0,0,0,0,1,2,0,9,0,12
220,1302.5000,1300.0000,1305.0000,0,0,0,0,0,0,0,1,3,0,7,0,11
221,1307.5000,1305.0000,1310.0000,0,0,0,0,1,0,2,1,1,0,6,0,11
222,1312.5000,1310.0000,1315.0000,1,0,0,0,3,0,1,1,2,0,7,0,15
223,1317.5000,1315.0000,1320.0000,0,0,0,0,0,0,0,0,1,0,10,0,11
224,1322.5000,1320.0000,1325.0000,0,0,0,0,2,0,1,2,0,0,10,0,15
225,1327.5000,1325.0000,1330.0000,0,1,0,0,4,0,2,0,1,0,11,0,19
226,1332.5000,1330.0000,1335.0000,0,0,0,0,0,0,3,2,2,0,7,0,14
227,1337.5000,1335.0000,1340.0000,1,0,0,0,1,0,2,1,5,0,10,0,20
228,1342.5000,1340.0000,1345.0000,0,0,0,0,0,0,2,1,1,0,9,0,13
229,1347.5000,1345.0000,1350.0000,0,0,0,0,0,0,2,1,4,0,8,0,15
230,1352.5000,1350.0000,1355.0000,0,0,0,0,0,0,3,1,1,0,9,0,14
231,1357.5000,1355.0000,1360.0000,0,0,0,0,1,0,0,1,1,0,8,0,11
232,1362.5000,1360.0000,1365.0000,0,1,0,0,2,0,0,0,2,0,10,0,15
233,1367.5000,1365.0000,1370.0000,0,0,0,0,0,0,0,1,2,2,11,0,16
234,1372.5000,1370.0000,1375.0000,0,0,0,0,0,0,0,2,0,0,13,0,15
235,1377.5000,1375.0000,1380.0000,0,0,0,0,0,0,3,0,1,0,8,0,12
236,1382.5000,1380.0000,1385.0000,0,0,0,0,4,0,2,1,0,0,12,0,19
237,1387.5000,1385.0000,1390.0000,0,0,0,0,5,0,4,0,0,0,9,0,18
238,1392.5000,1390.0000,1395.0000,0,0,0,0,4,0,0,4,0,0,10,0,18
239,1397.5000,1395.0000,1400.0000,0,0,0,0,17,0,0,0,1,1,7,0,26
240,1402.5000,1400.0000,1405.0000,0,0,0,0,30,0,0,1,1,0,16,0,48
241,1407.5000,1405.0000,1410.0000,0,0,0,0,44,0,1,2,1,0,11,0,59
242,1412.5000,1410.0000,1415.0000,26,0,0,0,41,0,0,2,0,1,9,0,79
243,1417.5000,1415.0000,1420.0000,0,0,0,0,20,0,0,1,2,0,9,0,32
244,1422.5000,1420.0000,1425.0000,0,0,0,0,8,0,0,1,1,1,12,0,23
245,1427.5000,1425.0000,1430.0000,0,0,0,0,14,0,0,2,1,0,12,0,29
246,1432.5000,1430.0000,1435.0000,0,0,0,0,22,0,1,0,2,0,9,0,34
247,1437.5000,1435.0000,1440.0000,0,0,0,0,27,0,1,5,0,0,8,0,41
248,1442.5000,1440.0000,1445.0000,0,0,0,0,30,0,21,2,2,0,12,0,67
249,1447.5000,1445.0000,1450.0000,0,1,0,0,30,0,4,1,0,0,12,0,48
250,1452.5000,1450.0000,1455.0000,0,1,0,0,28,0,1,1,1,0,10,0,42
251,1457.5000,1455.0000,1460.0000,0,0,0,0,25,0,3,2,0,0,16,0,46
252,1462.5000,1460.0000,1465.0000,0,0,0,0,27,0,2,0,0,0,11,0,40
253,1467.5000,1465.0000,1470.0000,0,0,0,0,23,0,0,0,0,0,14,0,37
254,1472.5000,1470.0000,1475.0000,0,0,0,0,19,0,2,1,0,0,16,0,38
255,1477.5000,1475.0000,1480.0000,0,0,0,0,22,0,0,0,0,0,23,0,45
256,1482.5000,1480.0000,1485.0000,0,0,0,0,24,0,1,0,0,0,23,0,48
257,1487.5000,1485.0000,1490.0000,0,0,0,0,23,0,3,1,0,0,19,0,46
258,1492.5000,1490.0000,1495.0000,0,33,0,0,34,0,1,4,0,0,28,0,100
259,1497.5000,1495.0000,1500.0000,0,1,0,0,13,0,6,0,0,0,26,0,46
260,1502.5000,1500.0000,1505.0000,0,1,0,0,21,0,6,0,0,1,29,0,58
261,1507.5000,1505.0000,1510.0000,0,0,0,0,6,0,0,2,1,0,18,0,27
262,1512.5000,1510.0000,1515.0000,0,0,0,0,7,0,0,2,1,0,16,0,26
263,1517.5000,1515.0000,1520.0000,0,0,0,0,5,0,1,2,0,0,16,0,24
264,1522.5000,1520.0000,1525.0000,0,0,0,0,1,0,0,0,2,0,14,0,17
265,1527.5000,1525.0000,1530.0000,0,0,0,0,1,0,3,2,0,0,20,0,26
266,1532.5000,1530.0000,1535.0000,0,0,0,0,1,0,0,1,0,0,11,0,13
267,1537.5000,1535.0000,1540.0000,0,0,0,0,2,0,4,1,0,0,17,0,24
268,1542.5000,1540.0000,1545.0000,0,0,0,0,1,0,1,0,1,0,22,0,25
269,1547.5000,1545.0000,1550.0000,1,0,0,0,3,0,2,1,0,0,18,0,25
270,1552.5000,1550.0000,1555.0000,0,0,0,0,4,0,1,0,0,0,16,0,21
271,1557.5000,1555.0000,1560.0000,0,1,0,0,2,0,2,5,0,0,14,0,24
272,1562.5000,1560.0000,1565.0000,0,0,0,0,1,0,1,0,0,0,14,0,16
273,1567.5000,1565.0000,1570.0000,0,0,0,0,0,0,4,0,0,0,14,0,18
274,1572.5000,1570.0000,1575.0000,0,0,0,0,1,0,5,0,0,0,15,0,21
275,1577.5000,1575.0000,1580.0000,1,0,0,0,2,0,9,0,0,0,12,0,24
276,1582.5000,1580.0000,1585.0000,0,0,0,0,4,0,8,1,0,0,18,0,31
277,1587.5000,1585.0000,1590.0000,0,0,0,0,1,0,9,1,0,0,7,0,18
278,1592.5000,1590.0000,1595.0000,0,0,0,0,3,0,3,0,0,0,12,0,18
279,1597.5000,1595.0000,1600.0000,1,0,0,0,0,0,2,1,0,0,15,0,19
280,1602.5000,1600.0000,1605.0000,0,0,0,0,1,0,0,1,0,0,10,0,12
281,1607.5000,1605.0000,1610.0000,0,0,0,0,1,0,0,1,0,0,15,0,17
282,1612.5000,1610.0000,1615.0000,0,0,0,0,2,0,1,0,0,0,11,0,14
283,1617.5000,1615.0000,1620.0000,0,0,0,0,2,0,1,0,0,0,9,0,12
284,1622.5000,1620.0000,1625.0000,0,0,0,0,0,0,0,0,1,0,8,0,9
285,1627.5000,1625.0000,1630.0000,0,0,0,0,1,0,0,0,0,0,4,0,5
286,1632.5000,1630.0000,1635.0000,0,0,0,0,2,0,0,2,0,0,9,0,13
287,1637.5000,1635.0000,1640.0000,0,0,0,0,1,0,1,3,0,0,7,0,12
288,1642.5000,1640.0000,1645.0000,0,0,0,0,1,0,0,1,1,0,8,0,11
289,1647.5000,1645.0000,1650.0000,0,0,0,0,3,0,0,0,0,0,7,0,10
290,1652.5000,1650.0000,1655.0000,0,0,0,0,1,0,0,0,0,0,9,0,10
291,1657.5000,1655.0000,1660.0000,0,0,0,0,2,0,0,0,0,0,4,0,6
292,1662.5000,1660.0000,1665.0000,0,0,0,0,0,0,0,0,0,0,7,0,7
293,1667.5000,1665.0000,1670.0000,0,0,0,0,3,0,0,0,0,0,3,0,6
294,1672.5000,1670.0000,1675.0000,0,0,0,0,0,0,1,1,0,0,1,0,3
295,1677.5000,1675.0000,1680.0000,0,0,0,0,0,0,0,1,1,0,6,0,8
296,1682.5000,1680.0000,1685.0000,0,0,0,0,2,0,0,1,0,0,8,0,11
297,1687.5000,1685.0000,1690.0000,0,0,0,0,0,0,0,0,0,0,4,0,4
298,1692.5000,1690.0000,1695.0000,0,0,0,0,1,0,2,0,0,0,6,0,9
299,1697.5000,1695.0000,1700.0000,0,0,0,0,4,0,1,0,0,0,4,0,9
300,1702.5000,1700.0000,1705.0000,0,0,0,0,0,0,1,0,0,0,2,0,3
301,1707.5000,1705.0000,1710.0000,0,0,0,0,0,0,0,0,1,0,2,0,3
302,1712.5000,1710.0000,1715.0000,0,0,0,0,1,0,0,0,1,0,4,0,6
303,1717.5000,1715.0000,1720.0000,0,0,0,0,1,0,1,0,1,0,1,0,4
304,1722.5000,1720.0000,1725.0000,0,0,0,0,1,0,0,0,1,0,0,0,2
305,1727.5000,1725.0000,1730.0000,0,0,0,0,1,0,0,0,0,0,2,0,3
306,1732.5000,1730.0000,1735.0000,0,0,0,0,1,0,0,0,1,0,1,0,3
307,1737.5000,1735.0000,1740.0000,0,0,0,0,0,0,1,1,0,0,1,0,3
308,1742.5000,1740.0000,1745.0000,0,0,0,0,2,0,0,0,0,0,2,0,4
309,1747.5000,1745.0000,1750.0000,0,0,0,0,0,0,1,0,1,0,3,0,5
310,1752.5000,1750.0000,1755.0000,0,0,0,0,0,0,0,0,0,0,4,0,4
311,1757.5000,1755.0000,1760.0000,0,0,0,0,0,0,0,0,1,0,2,0,3
312,1762.5000,1760.0000,1765.0000,0,0,0,0,0,0,0,1,0,0,3,0,4
313,1767.5000,1765.0000,1770.0000,0,0,0,0,0,0,0,0,0,0,3,0,3
314,1772.5000,1770.0000,1775.0000,0,0,0,0,1,0,0,0,0,0,1,0,2
315,1777.5000,1775.0000,1780.0000,0,0,0,0,2,0,0,0,0,0,1,0,3
316,1782.5000,1780.0000,1785.0000,0,0,0,0,0,0,0,0,0,0,2,0,2
317,1787.5000,1785.0000,1790.0000,0,0,0,0,1,0,1,0,0,0,1,0,3
318,1792.5000,1790.0000,1795.0000,0,0,0,0,0,0,0,0,0,0,5,0,5
319,1797.5000,1795.0000,1800.0000,0,0,0,0,0,0,0,0,0,0,2,0,2
320,1802.5000,1800.0000,1805.0000,0,0,0,0,0,0,0,0,0,0,1,0,1
321,1807.5000,1805.0000,1810.0000,0,0,0,0,0,0,0,0,1,0,0,0,1
322,1812.5000,1810.0000,1815.0000,0,0,0,0,0,0,0,0,0,0,1,0,1
323,1817.5000,1815.0000,1820.0000,0,0,0,0,0,0,0,0,0,0,3,0,3
324,1822.5000,1820.0000,1825.0000,0,0,0,0,0,0,0,0,1,0,1,0,2
325,1827.5000,1825.0000,1830.0000,0,0,0,0,0,0,0,0,0,0,4,0,4
326,1832.5000,1830.0000,1835.0000,0,0,0,0,0,0,0,0,1,0,1,0,2
327,1837.5000,1835.0000,1840.0000,0,0,0,0,1,0,0,0,0,0,4,0,5
328,1842.5000,1840.0000,1845.0000,0,0,0,0,0,0,0,0,0,0,1,0,1
329,1847.5000,1845.0000,1850.0000,0,0,0,0,0,0,0,0,0,0,1,0,1
330,1852.5000,1850.0000,1855.0000,0,0,0,0,0,0,0,0,0,0,0,0,0
331,1857.5000,1855.0000,1860.0000,0,0,0,0,1,0,0,0,0,0,0,0,1
332,1862.5000,1860.0000,1865.0000,0,0,0,0,0,0,0,1,0,0,2,0,3
333,1867.5000,1865.0000,1870.0000,0,0,0,0,0,0,0,0,0,0,3,0,3
334,1872.5000,1870.0000,1875.0000,0,0,0,0,1,0,0,0,0,0,0,0,1
335,1877.5000,1875.0000,1880.0000,0,0,0,0,0,0,0,0,0,0,2,0,2
336,1882.5000,1880.0000,1885.0000,0,0,0,0,0,0,0,0,0,0,0,0,0
337,1887.5000,1885.0000,1890.0000,0,0,0,0,1,0,0,0,0,0,2,0,3
338,1892.5000,1890.0000,1895.0000,0,0,0,0,0,0,0,0,0,0,2,0,2
339,1897.5000,1895.0000,1900.0000,0,0,0,0,0,0,0,0,0,0,1,0,1
340,1902.5000,1900.0000,1905.0000,0,0,0,0,0,0,0,0,0,0,1,0,1
341,1907.5000,1905.0000,1910.0000,0,0,0,0,0,0,0,0,1,0,3,0,4
342,1912.5000,1910.0000,1915.0000,0,0,0,0,0,0,0,1,0,0,1,0,2
343,1917.5000,1915.0000,1920.0000,0,0,0,0,1,0,1,0,0,0,0,0,2
344,1922.5000,1920.0000,1925.0000,0,0,0,0,0,0,1,1,0,0,0,0,2
345,1927.5000,1925.0000,1930.0000,0,0,0,0,0,0,0,0,0,0,0,0,0
346,1932.5000,1930.0000,1935.0000,0,0,0,0,0,0,1,0,2,0,1,0,4
347,1937.5000,1935.0000,1940.0000,0,0,0,0,0,0,0,0,0,0,1,0,1
348,1942.5000,1940.0000,1945.0000,0,0,0,0,0,0,0,1,0,0,1,0,2
349,1947.5000,1945.0000,1950.0000,0,0,0,0,0,0,0,0,0,0,2,0,2
350,1952.5000,1950.0000,1955.0000,0,0,0,0,1,0,0,1,0,0,0,0,2
351,1957.5000,1955.0000,1960.0000,0,0,0,0,0,0,0,0,0,0,0,0,0
352,1962.5000,1960.0000,1965.0000,0,0,0,0,1,0,0,0,0,0,0,0,1
353,1967.5000,1965.0000,1970.0000,0,0,0,0,0,0,0,0,0,0,0,0,0
354,1972.5000,1970.0000,1975.0000,0,0,0,0,0,0,0,0,0,0,1,0,1
355,1977.5000,1975.0000,1980.0000,0,0,0,0,0,0,0,0,2,0,1,0,3
356,1982.5000,1980.0000,1985.0000,0,0,0,0,0,0,0,0,0,0,2,0,2
357,1987.5000,1985.0000,1990.0000,0,0,0,0,0,0,0,0,1,0,0,0,1
358,1992.5000,1990.0000,1995.0000,0,0,0,0,1,0,0,0,1,0,4,0,6
359,1997.5000,1995.0000,2000.0000,1,0,0,0,0,0,0,0,1,0,1,0,3
360,2002.5000,2000.0000,2005.0000,0,0,0,0,1,0,0,0,3,0,1,0,5
361,2007.5000,2005.0000,2010.0000,0,1,0,0,0,0,0,0,3,0,2,0,6
362,2012.5000,2010.0000,2015.0000,0,0,0,0,0,0,0,0,1,0,0,0,1
363,2017.5000,2015.0000,2020.0000,0,0,0,0,0,0,0,0,1,0,2,0,3
364,2022.5000,2020.0000,2025.0000,0,1,0,0,1,0,1,0,0,0,0,0,3
365,2027.5000,2025.0000,2030.0000,0,0,0,0,0,0,0,0,0,0,0,0,0
366,2032.5000,2030.0000,2035.0000,0,0,0,0,1,0,0,0,1,0,0,0,2
367,2037.5000,2035.0000,2040.0000,0,0,0,0,0,0,0,0,0,0,1,0,1
368,2042.5000,2040.0000,2045.0000,0,0,0,0,0,0,0,0,0,0,0,0,0
369,2047.5000,2045.0000,2050.0000,0,0,0,0,1,0,0,0,2,0,0,0,3
370,2052.5000,2050.0000,2055.0000,0,0,0,0,0,0,0,0,0,0,0,0,0
371,2057.5000,2055.0000,2060.0000,0,0,0,0,0,0,0,1,2,0,0,0,3
372,2062.5000,2060.0000,2065.0000,0,0,0,0,1,0,0,0,0,0,0,0,1
373,2067.5000,2065.0000,2070.0000,0,0,0,0,0,0,0,0,0,0,0,0,0
374,2072.5000,2070.0000,2075.0000,0,0,0,0,0,0,0,0,0,0,0,0,0
375,2077.5000,2075.0000,2080.0000,0,0,0,0,0,0,0,0,0,0,0,0,0
376,2082.5000,2080.0000,2085.0000,0,0,0,0,1,0,0,0,0,0,1,0,2
377,2087.5000,2085.0000,2090.0000,0,0,0,0,0,0,0,0,0,0,0,0,0
378,2092.5000,2090.0000,2095.0000,0,0,0,0,0,0,0,1,0,0,0,0,1
379,2097.5000,2095.0000,2100.0000,0,0,0,0,1,0,0,0,0,0,1,0,2
380,2102.5000,2100.0000,2105.0000,0,0,0,0,0,0,0,0,0,0,1,0,1
381,2107.5000,2105.0000,2110.0000,0,0,0,0,1,0,0,1,0,0,1,0,3
382,2112.5000,2110.0000,2115.0000,0,0,0,0,0,0,0,1,0,0,0,0,1
383,2117.5000,2115.0000,2120.0000,0,0,0,0,0,0,0,0,0,0,0,0,0
384,2122.5000,2120.0000,2125.0000,0,0,0,0,1,0,1,0,0,0,1,0,3
385,2127.5000,2125.0000,2130.0000,0,0,0,0,1,0,0,2,0,0,0,0,3
386,2132.5000,2130.0000,2135.0000,0,0,0,0,0,0,1,0,0,0,1,0,2
387,2137.5000,2135.0000,2140.0000,0,0,0,0,2,0,0,0,0,0,0,0,2
388,2142.5000,2140.0000,2145.0000,0,0,0,0,0,0,0,0,0,0,0,0,0
389,2147.5000,2145.0000,2150.0000,0,0,0,0,0,0,0,0,0,0,0,0,0
390,2152.5000,2150.0000,2155.0000,0,0,0,0,0,0,0,0,0,0,0,0,0
391,2157.5000,2155.0000,2160.0000,0,0,0,0,0,0,0,0,0,0,0,0,0
392,2162.5000,2160.0000,2165.0000,0,0,0,0,0,0,0,0,0,0,0,0,0
393,2167.5000,2165.0000,2170.0000,0,0,0,0,0,0,0,1,0,0,0,0,1
394,2172.5000,2170.0000,2175.0000,0,0,0,0,0,0,0,0,0,0,0,0,0
395,2177.5000,2175.0000,2180.0000,0,0,0,0,0,0,0,0,0,0,0,0,0
396,2182.5000,2180.0000,2185.0000,0,0,0,0,0,0,0,2,0,0,0,0,2
397,2187.5000,2185.0000,2190.0000,0,0,0,0,0,0,0,0,0,0,2,0,2
398,2192.5000,2190.0000,2195.0000,0,0,0,0,0,0,0,0,0,0,0,0,0
399,2197.5000,2195.0000,2200.0000,0,0,0,0,0,0,0,0,0,0,0,0,0
400,2202.5000,2200.0000,2205.0000,0,0,0,0,0,0,1,1,0,0,1,0,3
401,2207.5000,2205.0000,2210.0000,0,0,0,0,0,0,0,1,0,0,1,0,2
402,2212.5000,2210.0000,2215.0000,0,0,0,0,0,0,0,0,0,0,0,0,0
403,2217.5000,2215.0000,2220.0000,0,0,0,0,0,0,0,1,0,0,0,0,1
404,2222.5000,2220.0000,2225.0000,0,0,0,0,0,0,0,0,0,0,0,0,0
405,2227.5000,2225.0000,2230.0000,0,0,0,0,0,0,0,0,0,0,0,0,0
406,2232.5000,2230.0000,2235.0000,0,0,0,0,0,0,0,0,0,0,0,0,0
407,2237.5000,2235.0000,2240.0000,0,0,0,0,1,0,1,1,0,0,1,0,4
408,2242.5000,2240.0000,2245.0000,0,0,0,0,0,0,0,1,0,0,0,0,1
409,2247.5000,2245.0000,2250.0000,0,0,0,0,0,0,0,0,0,0,1,0,1
410,2252.5000,2250.0000,2255.0000,0,0,0,0,0,0,0,0,0,0,0,0,0
411,2257.5000,2255.0000,2260.0000,0,0,0,0,0,0,1,0,0,0,1,0,2
412,2262.5000,2260.0000,2265.0000,0,0,0,0,0,0,0,1,0,0,0,0,1
413,2267.5000,2265.0000,2270.0000,0,0,0,0,0,0,0,1,0,0,0,0,1
414,2272.5000,2270.0000,2275.0000,0,0,0,0,0,0,0,0,0,0,1,0,1
415,2277.5000,2275.0000,2280.0000,0,0,0,0,0,0,0,2,0,0,0,0,2
416,2282.5000,2280.0000,2285.0000,0,0,0,0,0,0,0,2,0,0,0,0,2
417,2287.5000,2285.0000,2290.0000,0,0,0,0,1,0,0,0,0,0,0,0,1
418,2292.5000,2290.0000,2295.0000,0,0,0,0,0,0,0,2,0,0,0,0,2
419,2297.5000,2295.0000,2300.0000,0,0,0,0,1,0,0,0,0,0,0,0,1
420,2302.5000,2300.0000,2305.0000,0,0,0,0,0,0,0,0,0,0,0,0,0
421,2307.5000,2305.0000,2310.0000,0,0,0,0,0,0,0,0,0,0,0,0,0
422,2312.5000,2310.0000,2315.0000,0,0,0,0,0,0,0,0,0,0,0,0,0
423,2317.5000,2315.0000,2320.0000,0,0,0,0,0,0,0,0,0,0,0,0,0
424,2322.5000,2320.0000,2325.0000,0,0,0,0,0,0,0,0,0,0,0,0,0
425,2327.5000,2325.0000,2330.0000,0,0,0,0,0,0,0,0,0,0,0,0,0
426,2332.5000,2330.0000,2335.0000,0,0,0,0,0,0,0,0,0,0,2,0,2
427,2337.5000,2335.0000,2340.0000,0,0,0,0,0,0,0,0,0,0,0,0,0
428,2342.5000,2340.0000,2345.0000,0,0,0,0,0,0,0,0,0,0,0,0,0
429,2347.5000,2345.0000,2350.0000,0,0,0,0,0,0,0,1,0,0,0,0,1
430,2352.5000,2350.0000,2355.0000,0,0,0,0,0,0,0,0,0,0,0,0,0
431,2357.5000,2355.0000,2360.0000,0,0,0,0,0,0,0,0,0,0,1,0,1
432,2362.5000,2360.0000,2365.0000,0,0,0,0,0,0,0,0,0,0,0,0,0
433,2367.5000,2365.0000,2370.0000,0,0,0,0,0,0,0,0,0,0,0,0,0
434,2372.5000,2370.0000,2375.0000,0,0,0,0,0,0,0,0,0,0,1,0,1
435,2377.5000,2375.0000,2380.0000,0,0,0,0,0,0,0,0,0,0,1,0,1
436,2382.5000,2380.0000,2385.0000,0,0,0,0,0,0,0,0,0,0,1,0,1
437,2387.5000,2385.0000,2390.0000,0,0,0,0,0,0,0,0,0,0,1,0,1
438,2392.5000,2390.0000,2395.0000,0,0,0,0,0,0,0,0,0,0,0,0,0
439,2397.5000,2395.0000,2400.0000,0,0,0,0,0,0,0,1,0,0,1,0,2
440,2402.5000,2400.0000,2405.0000,0,0,0,0,0,0,0,0,0,0,0,0,0
441,2407.5000,2405.0000,2410.0000,0,0,0,0,0,0,0,0,0,0,0,0,0
442,2412.5000,2410.0000,2415.0000,0,0,0,0,0,0,0,0,0,0,1,0,1
443,2417.5000,2415.0000,2420.0000,0,0,0,0,0,0,0,0,0,0,0,0,0
444,2422.5000,2420.0000,2425.0000,0,0,0,0,0,0,0,0,0,0,0,0,0
445,2427.5000,2425.0000,2430.0000,0,0,0,0,0,0,0,0,0,0,0,0,0
446,2432.5000,2430.0000,2435.0000,0,0,0,0,0,0,1,0,0,0,1,0,2
447,2437.5000,2435.0000,2440.0000,0,0,0,0,0,0,0,1,0,0,0,0,1
448,2442.5000,2440.0000,2445.0000,0,0,0,0,0,0,0,0,0,0,1,0,1
449,2447.5000,2445.0000,2450.0000,0,0,0,0,0,0,0,0,0,0,0,0,0
450,2452.5000,2450.0000,2455.0000,0,0,0,0,0,0,0,0,0,0,0,0,0
451,2457.5000,2455.0000,2460.0000,0,0,0,0,0,0,0,0,0,0,1,0,1
452,2462.5000,2460.0000,2465.0000,0,0,0,0,0,0,0,0,0,0,1,0,1
453,2467.5000,2465.0000,2470.0000,0,0,0,0,0,0,0,0,0,0,0,0,0
454,2472.5000,2470.0000,2475.0000,0,0,0,0,0,0,0,0,0,0,0,0,0
455,2477.5000,2475.0000,2480.0000,0,0,0,0,0,0,0,0,0,0,1,0,1
456,2482.5000,2480.0000,2485.0000,0,0,0,0,0,0,0,1,0,0,0,0,1
457,2487.5000,2485.0000,2490.0000,0,0,0,0,0,0,0,0,0,0,1,0,1
458,2492.5000,2490.0000,2495.0000,0,0,0,0,2,0,0,0,0,0,0,0,2
459,2497.5000,2495.0000,2500.0000,0,0,0,0,0,0,0,0,0,0,0,0,0
460,2502.5000,2500.0000,2505.0000,0,0,0,0,0,0,0,0,0,0,1,0,1
461,2507.5000,2505.0000,2510.0000,0,0,0,0,0,0,0,0,0,0,0,0,0
462,2512.5000,2510.0000,2515.0000,0,0,0,0,0,0,0,0,0,0,1,0,1
463,2517.5000,2515.0000,2520.0000,0,0,0,0,0,0,0,0,0,0,0,0,0
464,2522.5000,2520.0000,2525.0000,0,0,0,0,0,0,0,0,0,0,0,0,0
465,2527.5000,2525.0000,2530.0000,0,0,0,0,0,0,0,0,0,0,0,0,0
466,2532.5000,2530.0000,2535.0000,0,0,0,0,0,0,0,0,0,0,0,0,0
467,2537.5000,2535.0000,2540.0000,0,0,0,0,0,0,0,0,0,0,0,0,0
468,2542.5000,2540.0000,2545.0000,0,0,0,0,0,0,0,0,0,0,0,0,0
469,2547.5000,2545.0000,2550.0000,0,0,0,0,0,0,1,0,0,0,1,0,2
470,2552.5000,2550.0000,2555.0000,0,0,0,0,0,0,0,0,0,0,1,0,1
471,2557.5000,2555.0000,2560.0000,0,0,0,0,0,0,0,0,0,0,0,0,0
472,2562.5000,2560.0000,2565.0000,0,0,0,0,0,0,0,0,0,0,0,0,0
473,2567.5000,2565.0000,2570.0000,0,0,0,0,0,0,0,0,0,0,0,0,0
474,2572.5000,2570.0000,2575.0000,0,0,0,0,0,0,0,0,0,0,0,0,0
475,2577.5000,2575.0000,2580.0000,0,0,0,0,0,0,0,0,0,0,0,0,0
476,2582.5000,2580.0000,2585.0000,0,0,0,0,0,0,0,0,0,0,1,0,1
477,2587.5000,2585.0000,2590.0000,0,0,0,0,0,0,0,0,0,0,0,0,0
478,2592.5000,2590.0000,2595.0000,0,0,0,0,0,0,0,0,0,0,1,0,1
479,2597.5000,2595.0000,2600.0000,0,0,0,0,0,0,0,0,0,0,2,0,2
480,2602.5000,2600.0000,2605.0000,0,0,0,0,0,0,0,0,0,0,2,0,2
481,2607.5000,2605.0000,2610.0000,0,0,0,0,0,0,0,0,0,0,0,0,0
482,2612.5000,2610.0000,2615.0000,0,0,0,0,0,0,1,0,0,0,0,0,1
483,2617.5000,2615.0000,2620.0000,0,0,0,0,0,0,0,0,0,0,0,0,0
484,2622.5000,2620.0000,2625.0000,0,0,0,0,0,0,0,0,0,0,0,0,0
485,2627.5000,2625.0000,2630.0000,0,0,0,0,0,0,0,0,0,0,1,0,1
486,2632.5000,2630.0000,2635.0000,0,0,0,0,0,0,0,0,0,0,1,0,1
487,2637.5000,2635.0000,2640.0000,0,0,0,0,0,0,1,0,0,0,0,0,1
488,2642.5000,2640.0000,2645.0000,0,0,0,0,0,0,0,0,0,0,1,0,1
489,2647.5000,2645.0000,2650.0000,0,0,0,0,0,0,0,0,0,0,1,0,1
490,2652.5000,2650.0000,2655.0000,0,0,0,0,0,0,0,0,0,0,0,0,0
491,2657.5000,2655.0000,2660.0000,0,0,0,0,0,0,0,0,0,0,1,0,1
492,2662.5000,2660.0000,2665.0000,0,0,0,0,1,0,0,0,0,0,0,0,1
493,2667.5000,2665.0000,2670.0000,0,0,0,0,0,0,0,0,0,0,0,0,0
494,2672.5000,2670.0000,2675.0000,0,0,0,0,0,0,0,0,0,0,0,0,0
495,2677.5000,2675.0000,2680.0000,0,0,0,0,0,0,0,0,0,0,0,0,0
496,2682.5000,2680.0000,2685.0000,0,0,0,0,0,0,0,0,0,0,1,0,1
497,2687.5000,2685.0000,2690.0000,0,0,0,0,0,0,0,1,0,0,0,0,1
498,2692.5000,2690.0000,2695.0000,0,0,0,0,0,0,0,0,0,0,0,0,0
499,2697.5000,2695.0000,2700.0000,0,0,0,0,0,0,0,0,0,0,0,0,0
500,2702.5000,2700.0000,2705.0000,0,0,0,0,0,0,0,1,0,0,1,0,2
501,2707.5000,2705.0000,2710.0000,0,0,0,0,0,0,0,0,0,0,1,0,1
502,2712.5000,2710.0000,2715.0000,0,0,0,0,0,0,0,0,0,0,1,0,1
503,2717.5000,2715.0000,2720.0000,0,0,0,0,0,0,0,1,0,0,0,0,1
504,2722.5000,2720.0000,2725.0000,0,0,0,0,0,0,0,0,0,0,0,0,0
505,2727.5000,2725.0000,2730.0000,0,0,0,0,0,0,0,0,0,0,0,0,0
506,2732.5000,2730.0000,2735.0000,0,0,0,0,0,0,0,0,0,0,0,0,0
507,2737.5000,2735.0000,2740.0000,0,0,0,0,0,0,0,0,0,0,1,0,1
508,2742.5000,2740.0000,2745.0000,0,0,0,0,0,0,0,0,0,0,0,0,0
509,2747.5000,2745.0000,2750.0000,0,0,0,0,0,0,0,0,0,0,2,0,2
510,2752.5000,2750.0000,2755.0000,0,0,0,0,0,0,0,0,0,0,0,0,0
511,2757.5000,2755.0000,2760.0000,0,0,0,0,0,0,0,0,0,0,0,0,0
512,2762.5000,2760.0000,2765.0000,0,0,0,0,0,0,0,0,0,0,0,0,0
513,2767.5000,2765.0000,2770.0000,0,0,0,0,0,0,0,0,0,0,0,0,0
514,2772.5000,2770.0000,2775.0000,0,0,0,0,0,0,0,0,0,0,0,0,0
515,2777.5000,2775.0000,2780.0000,0,0,0,0,1,0,0,0,0,0,0,0,1
516,2782.5000,2780.0000,2785.0000,0,0,0,0,0,0,0,0,0,0,0,0,0
517,2787.5000,2785.0000,2790.0000,0,0,0,0,1,0,0,0,0,0,0,0,1
518,2792.5000,2790.0000,2795.0000,0,1,0,0,0,0,1,0,0,0,0,0,2
519,2797.5000,2795.0000,2800.0000,0,0,0,0,0,0,0,0,0,0,0,0,0
520,2802.5000,2800.0000,2805.0000,0,0,0,0,0,0,0,0,0,0,0,0,0
521,2807.5000,2805.0000,2810.0000,0,0,0,0,0,0,0,0,0,0,0,0,0
522,2812.5000,2810.0000,2815.0000,0,0,0,0,0,0,0,0,0,0,0,0,0
523,2817.5000,2815.0000,2820.0000,0,0,0,0,0,0,0,0,0,0,1,0,1
524,2822.5000,2820.0000,2825.0000,0,0,0,0,0,0,0,1,0,0,0,0,1
525,2827.5000,2825.0000,2830.0000,0,0,0,0,0,0,0,0,0,0,0,0,0
526,2832.5000,2830.0000,2835.0000,0,0,0,0,0,0,0,0,0,0,0,0,0
527,2837.5000,2835.0000,2840.0000,0,0,0,0,0,0,0,0,0,0,0,0,0
528,2842.5000,2840.0000,2845.0000,0,0,0,0,0,0,1,0,0,0,0,0,1
529,2847.5000,2845.0000,2850.0000,0,0,0,0,0,0,0,0,0,0,0,0,0
530,2852.5000,2850.0000,2855.0000,0,0,0,0,0,0,0,0,0,0,0,0,0
531,2857.5000,2855.0000,2860.0000,0,0,0,0,0,0,0,0,0,0,0,0,0
532,2862.5000,2860.0000,2865.0000,0,0,0,0,0,0,0,0,0,0,0,0,0
533,2867.5000,2865.0000,2870.0000,0,0,0,0,0,0,0,0,0,0,0,0,0
534,2872.5000,2870.0000,2875.0000,0,0,0,0,0,0,0,0,0,0,0,0,0
535,2877.5000,2875.0000,2880.0000,0,0,0,0,0,0,0,0,0,0,0,0,0
536,2882.5000,2880.0000,2885.0000,0,0,0,0,0,0,0,0,0,0,1,0,1
537,2887.5000,2885.0000,2890.0000,0,0,0,0,0,0,0,0,0,0,0,0,0
538,2892.5000,2890.0000,2895.0000,0,0,0,0,0,0,0,0,0,0,0,0,0
539,2897.5000,2895.0000,2900.0000,0,0,0,0,0,0,0,0,0,0,0,0,0
540,2902.5000,2900.0000,2905.0000,0,0,0,0,0,0,0,0,0,0,0,0,0
541,2907.5000,2905.0000,2910.0000,0,0,0,0,1,0,0,0,0,0,2,0,3
542,2912.5000,2910.0000,2915.0000,0,0,0,0,0,0,0,1,0,0,1,0,2
543,2917.5000,2915.0000,2920.0000,0,0,0,0,0,0,0,0,0,0,0,0,0
544,2922.5000,2920.0000,2925.0000,0,0,0,0,0,0,0,0,0,0,0,0,0
545,2927.5000,2925.0000,2930.0000,0,0,0,0,0,0,1,0,0,0,2,0,3
546,2932.5000,2930.0000,2935.0000,0,0,0,0,0,0,0,0,0,0,1,0,1
547,2937.5000,2935.0000,2940.0000,0,0,0,0,0,0,0,0,0,0,1,0,1
548,2942.5000,2940.0000,2945.0000,0,0,0,0,0,0,0,0,0,0,0,0,0
549,2947.5000,2945.0000,2950.0000,0,0,0,0,0,0,0,0,0,0,0,0,0
550,2952.5000,2950.0000,2955.0000,0,0,0,0,0,0,0,0,0,0,0,0,0
551,2957.5000,2955.0000,2960.0000,0,0,0,0,0,0,0,0,0,0,0,0,0
552,2962.5000,2960.0000,2965.0000,0,0,0,0,0,0,0,0,0,0,0,0,0
553,2967.5000,2965.0000,2970.0000,0,0,0,0,0,0,0,0,0,0,0,0,0
554,2972.5000,2970.0000,2975.0000,0,0,0,0,0,0,0,0,0,0,0,0,0
555,2977.5000,2975.0000,2980.0000,0,0,0,0,0,0,0,0,0,0,0,0,0
556,2982.5000,2980.0000,2985.0000,0,0,0,0,0,0,0,0,0,0,0,0,0
557,2987.5000,2985.0000,2990.0000,0,0,0,0,1,0,0,0,0,0,0,0,1
558,2992.5000,2990.0000,2995.0000,0,0,0,0,0,0,0,0,0,0,0,0,0
559,2997.5000,2995.0000,3000.0000,0,0,0,0,0,0,0,0,0,0,0,0,0
560,3002.5000,3000.0000,3005.0000,0,0,0,0,0,0,0,0,0,0,0,0,0
561,3007.5000,3005.0000,3010.0000,0,0,0,0,0,0,0,0,0,0,0,0,0
562,3012.5000,3010.0000,3015.0000,0,0,0,0,0,0,0,0,0,0,0,0,0
563,3017.5000,3015.0000,3020.0000,0,0,0,0,0,0,0,0,0,0,0,0,0
564,3022.5000,3020.0000,3025.0000,0,0,0,0,0,0,0,0,0,0,0,0,0
565,3027.5000,3025.0000,3030.0000,0,0,0,0,0,0,0,0,0,0,0,0,0
566,3032.5000,3030.0000,3035.0000,0,0,0,0,0,0,0,0,0,0,0,0,0
567,3037.5000,3035.0000,3040.0000,0,0,0,0,0,0,0,0,0,0,1,0,1
568,3042.5000,3040.0000,3045.0000,0,0,0,0,0,0,0,0,0,0,1,0,1
569,3047.5000,3045.0000,3050.0000,0,0,0,0,0,0,1,0,0,0,0,0,1
570,3052.5000,3050.0000,3055.0000,0,0,0,0,0,0,0,0,0,0,2,0,2
571,3057.5000,3055.0000,3060.0000,0,0,0,0,0,0,0,0,0,0,0,0,0
572,3062.5000,3060.0000,3065.0000,0,0,0,0,0,0,0,0,0,0,1,0,1
573,3067.5000,3065.0000,3070.0000,0,0,0,0,0,0,0,0,0,0,0,0,0
574,3072.5000,3070.0000,3075.0000,0,0,0,0,0,0,0,0,0,0,0,0,0
575,3077.5000,3075.0000,3080.0000,0,0,0,0,0,0,0,1,0,0,0,0,1
576,3082.5000,3080.0000,3085.0000,0,0,0,0,0,0,0,0,0,0,0,0,0
577,3087.5000,3085.0000,3090.0000,0,0,0,0,0,0,0,1,0,0,0,0,1
578,3092.5000,3090.0000,3095.0000,0,0,0,0,0,0,0,1,0,0,0,0,1
579,3097.5000,3095.0000,3100.0000,0,0,0,0,0,1,0,0,0,0,0,0,1
580,3102.5000,3100.0000,3105.0000,0,0,0,0,0,0,0,0,0,0,1,0,1
581,3107.5000,3105.0000,3110.0000,0,0,0,0,0,0,0,1,0,0,0,0,1
582,3112.5000,3110.0000,3115.0000,0,0,0,0,0,0,0,0,0,0,0,0,0
583,3117.5000,3115.0000,3120.0000,0,0,0,0,0,0,0,0,0,0,0,0,0
584,3122.5000,3120.0000,3125.0000,0,0,0,0,1,0,0,0,0,0,1,0,2
585,3127.5000,3125.0000,3130.0000,0,0,0,0,0,0,0,0,0,0,1,0,1
586,3132.5000,3130.0000,3135.0000,0,0,0,0,0,0,0,0,0,0,0,0,0
587,3137.5000,3135.0000,3140.0000,0,0,0,0,0,0,0,0,0,0,0,0,0
588,3142.5000,3140.0000,3145.0000,0,0,0,0,0,0,0,0,0,0,0,0,0
589,3147.5000,3145.0000,3150.0000,0,0,0,0,0,0,0,0,0,0,0,0,0
590,3152.5000,3150.0000,3155.0000,0,0,0,0,0,0,0,1,0,0,0,0,1
591,3157.5000,3155.0000,3160.0000,0,0,0,0,0,0,0,0,0,0,0,0,0
592,3162.5000,3160.0000,3165.0000,0,0,0,0,0,0,0,0,0,0,0,0,0
593,3167.5000,3165.0000,3170.0000,0,0,0,0,0,0,0,0,0,0,0,0,0
594,3172.5000,3170.0000,3175.0000,0,0,0,0,0,0,0,0,0,0,1,0,1
595,3177.5000,3175.0000,3180.0000,0,0,0,0,0,0,0,1,0,0,0,0,1
596,3182.5000,3180.0000,3185.0000,0,0,0,0,0,0,0,0,0,0,0,0,0
597,3187.5000,3185.0000,3190.0000,0,0,0,0,0,0,0,0,0,0,0,0,0
598,3192.5000,3190.0000,3195.0000,0,0,0,0,0,0,0,0,0,0,0,0,0
599,3197.5000,3195.0000,3200.0000,0,0,0,0,0,0,0,0,0,0,1,0,1
600,3202.5000,3200.0000,3205.0000,0,0,0,0,0,0,1,0,0,0,0,0,1
601,3207.5000,3205.0000,3210.0000,0,0,0,0,0,0,0,0,0,0,0,0,0
602,3212.5000,3210.0000,3215.0000,0,0,0,0,0,0,0,0,0,0,0,0,0
603,3217.5000,3215.0000,3220.0000,0,0,0,0,0,0,0,0,0,0,0,0,0
604,3222.5000,3220.0000,3225.0000,0,0,0,0,0,0,0,0,0,0,1,0,1
605,3227.5000,3225.0000,3230.0000,0,0,0,0,0,0,0,0,0,0,0,0,0
606,3232.5000,3230.0000,3235.0000,0,0,0,0,0,0,0,0,0,0,0,0,0
607,3237.5000,3235.0000,3240.0000,0,0,0,0,1,0,0,0,0,0,0,0,1
608,3242.5000,3240.0000,3245.0000,0,0,0,0,0,0,0,0,0,0,0,0,0
609,3247.5000,3245.0000,3250.0000,0,0,0,0,0,0,0,0,0,0,0,0,0
610,3252.5000,3250.0000,3255.0000,0,0,0,0,0,0,0,0,0,0,0,0,0
611,3257.5000,3255.0000,3260.0000,0,0,0,0,0,0,0,0,0,0,0,0,0
612,3262.5000,3260.0000,3265.0000,0,0,0,0,0,0,1,0,0,0,1,0,2
613,3267.5000,3265.0000,3270.0000,0,0,0,0,0,0,0,0,0,0,0,0,0
614,3272.5000,3270.0000,3275.0000,0,0,0,0,0,0,0,1,0,0,0,0,1
615,3277.5000,3275.0000,3280.0000,0,0,0,0,0,0,0,0,0,0,1,0,1
616,3282.5000,3280.0000,3285.0000,0,0,0,0,0,0,1,0,0,0,1,0,2
617,3287.5000,3285.0000,3290.0000,0,0,0,0,0,0,0,0,0,0,1,0,1
618,3292.5000,3290.0000,3295.0000,0,0,0,0,1,0,0,0,0,0,0,0,1
619,3297.5000,3295.0000,3300.0000,0,0,0,0,0,0,0,0,0,0,0,0,0
620,3302.5000,3300.0000,3305.0000,0,0,0,0,0,0,0,0,0,0,0,0,0
621,3307.5000,3305.0000,3310.0000,0,0,0,0,0,0,0,0,0,0,1,0,1
622,3312.5000,3310.0000,3315.0000,0,0,0,0,1,0,0,0,0,0,0,0,1
623,3317.5000,3315.0000,3320.0000,0,0,0,0,0,0,0,0,0,0,1,0,1
624,3322.5000,3320.0000,3325.0000,0,0,0,0,0,0,0,0,0,0,0,0,0
625,3327.5000,3325.0000,3330.0000,0,0,0,0,0,0,0,0,0,0,0,0,0
626,3332.5000,3330.0000,3335.0000,0,0,0,0,0,0,0,0,0,0,0,0,0
627,3337.5000,3335.0000,3340.0000,0,0,0,0,0,0,0,1,0,0,2,0,3
628,3342.5000,3340.0000,3345.0000,0,0,0,0,0,0,0,0,0,0,0,0,0
629,3347.5000,3345.0000,3350.0000,0,0,0,0,0,0,0,1,0,0,0,0,1
630,3352.5000,3350.0000,3355.0000,0,0,0,0,0,0,0,0,0,0,0,0,0
631,3357.5000,3355.0000,3360.0000,0,0,0,0,1,0,0,0,0,0,0,0,1
632,3362.5000,3360.0000,3365.0000,0,0,0,0,0,0,0,0,0,0,0,0,0
633,3367.5000,3365.0000,3370.0000,0,0,0,0,0,0,0,0,0,0,0,0,0
634,3372.5000,3370.0000,3375.0000,0,0,0,0,0,0,0,0,0,0,0,0,0
635,3377.5000,3375.0000,3380.0000,0,0,0,0,0,0,0,0,0,0,0,0,0
636,3382.5000,3380.0000,3385.0000,0,0,0,0,0,0,0,0,0,0,0,0,0
637,3387.5000,3385.0000,3390.0000,0,0,0,0,0,0,0,0,0,0,0,0,0
638,3392.5000,3390.0000,3395.0000,0,0,0,0,0,0,0,0,0,0,1,0,1
639,3397.5000,3395.0000,3400.0000,0,0,0,0,0,0,0,0,0,0,1,0,1
640,3402.5000,3400.0000,3405.0000,0,0,0,0,0,0,0,0,0,0,0,0,0
641,3407.5000,3405.0000,3410.0000,0,0,0,0,0,0,0,0,0,0,0,0,0
642,3412.5000,3410.0000,3415.0000,0,0,0,0,0,0,0,0,0,0,1,0,1
643,3417.5000,3415.0000,3420.0000,0,0,0,0,0,0,0,0,0,0,1,0,1
644,3422.5000,3420.0000,3425.0000,0,0,0,0,0,0,0,0,0,0,0,0,0
645,3427.5000,3425.0000,3430.0000,0,0,0,0,0,0,0,1,0,0,0,0,1
646,3432.5000,3430.0000,3435.0000,0,0,0,0,0,0,0,1,0,0,0,0,1
647,3437.5000,3435.0000,3440.0000,0,0,0,0,0,0,0,1,0,0,0,0,1
648,3442.5000,3440.0000,3445.0000,0,0,0,0,0,0,0,0,0,0,0,0,0
649,3447.5000,3445.0000,3450.0000,0,0,0,0,0,0,0,0,0,0,0,0,0
650,3452.5000,3450.0000,3455.0000,0,0,0,0,0,0,1,1,0,0,1,0,3
651,3457.5000,3455.0000,3460.0000,0,0,0,0,0,0,1,1,0,0,0,0,2
652,3462.5000,3460.0000,3465.0000,0,0,0,0,0,0,0,0,0,0,1,0,1
653,3467.5000,3465.0000,3470.0000,0,0,0,0,0,0,0,0,0,0,0,0,0
654,3472.5000,3470.0000,3475.0000,0,0,0,0,0,0,0,0,0,0,1,0,1
655,3477.5000,3475.0000,3480.0000,0,0,0,0,0,0,0,0,0,0,0,0,0
656,3482.5000,3480.0000,3485.0000,0,0,0,0,0,0,0,0,0,0,1,0,1
657,3487.5000,3485.0000,3490.0000,0,0,0,0,0,0,0,0,0,0,1,0,1
658,3492.5000,3490.0000,3495.0000,0,0,0,0,0,0,0,1,0,0,0,0,1
659,3497.5000,3495.0000,3500.0000,0,0,0,0,0,0,0,1,0,0,0,0,1
660,3502.5000,3500.0000,3505.0000,0,0,0,0,0,0,0,0,0,0,0,0,0
661,3507.5000,3505.0000,3510.0000,0,0,0,0,0,0,0,0,0,0,0,0,0
662,3512.5000,3510.0000,3515.0000,0,0,0,0,0,0,0,0,0,0,0,0,0
663,3517.5000,3515.0000,3520.0000,0,0,0,0,0,0,0,0,0,0,1,0,1
664,3522.5000,3520.0000,3525.0000,0,0,0,0,0,0,0,0,0,0,0,0,0
665,3527.5000,3525.0000,3530.0000,0,0,0,0,0,0,0,0,0,0,0,0,0
666,3532.5000,3530.0000,3535.0000,0,0,0,0,0,0,0,0,0,0,0,0,0
667,3537.5000,3535.0000,3540.0000,0,0,0,0,0,0,0,0,0,0,1,0,1
668,3542.5000,3540.0000,3545.0000,0,0,0,0,0,0,0,0,0,0,0,0,0
669,3547.5000,3545.0000,3550.0000,0,0,0,0,0,0,0,2,0,0,0,0,2
670,3552.5000,3550.0000,3555.0000,0,0,0,0,0,0,0,0,0,0,0,0,0
671,3557.5000,3555.0000,3560.0000,0,0,0,0,0,0,0,1,0,0,0,0,1
672,3562.5000,3560.0000,3565.0000,0,0,0,0,0,0,0,0,0,0,1,0,1
673,3567.5000,3565.0000,3570.0000,0,0,0,0,0,0,0,0,0,0,1,0,1
674,3572.5000,3570.0000,3575.0000,0,0,0,0,0,0,0,2,0,0,0,0,2
675,3577.5000,3575.0000,3580.0000,0,0,0,0,0,0,0,0,0,0,0,0,0
676,3582.5000,3580.0000,3585.0000,0,0,0,0,0,0,0,0,0,0,1,0,1
677,3587.5000,3585.0000,3590.0000,0,0,0,0,0,0,0,0,0,0,0,0,0
678,3592.5000,3590.0000,3595.0000,0,0,0,0,0,0,0,0,0,0,0,0,0
679,3597.5000,3595.0000,3600.0000,0,0,0,0,0,0,0,1,0,0,2,0,3
680,3602.5000,3600.0000,3605.0000,0,0,0,0,0,0,1,2,0,0,0,0,3
681,3607.5000,3605.0000,3610.0000,0,0,0,0,0,1,0,2,0,0,0,0,3
682,3612.5000,3610.0000,3615.0000,0,0,0,0,0,0,0,1,0,0,0,0,1
683,3617.5000,3615.0000,3620.0000,0,0,0,0,0,0,0,6,0,0,0,0,6
684,3622.5000,3620.0000,3625.0000,0,0,0,0,0,0,0,3,0,0,0,0,3
685,3627.5000,3625.0000,3630.0000,0,0,0,0,0,0,0,7,0,0,0,0,7
686,3632.5000,3630.0000,3635.0000,0,0,0,0,0,0,0,6,0,0,0,0,6
687,3637.5000,3635.0000,3640.0000,0,0,0,0,0,0,0,1,0,0,0,0,1
688,3642.5000,3640.0000,3645.0000,0,0,0,0,3,0,0,3,0,0,0,0,6
689,3647.5000,3645.0000,3650.0000,0,0,0,0,0,0,0,2,0,0,0,0,2
690,3652.5000,3650.0000,3655.0000,0,0,0,0,0,0,0,0,0,0,0,0,0
691,3657.5000,3655.0000,3660.0000,0,0,0,0,0,0,0,1,0,0,0,0,1
692,3662.5000,3660.0000,3665.0000,0,0,0,0,0,0,0,0,0,0,1,0,1
693,3667.5000,3665.0000,3670.0000,0,0,0,0,0,0,0,0,0,0,0,0,0
694,3672.5000,3670.0000,3675.0000,0,0,0,0,0,0,0,0,0,0,0,0,0
695,3677.5000,3675.0000,3680.0000,0,0,0,0,0,0,0,0,0,0,0,0,0
696,3682.5000,3680.0000,3685.0000,0,0,0,0,0,0,0,0,0,0,1,0,1
697,3687.5000,3685.0000,3690.0000,0,1,0,0,0,0,0,1,0,0,0,0,2
698,3692.5000,3690.0000,3695.0000,0,1,0,0,2,0,0,0,0,0,0,0,3
699,3697.5000,3695.0000,3700.0000,0,0,0,0,0,0,0,0,0,0,0,0,0
700,3702.5000,3700.0000,3705.0000,0,0,0,0,1,1,0,1,0,0,0,0,3
701,3707.5000,3705.0000,3710.0000,0,0,0,0,0,0,0,0,0,0,0,0,0
702,3712.5000,3710.0000,3715.0000,0,0,0,0,0,0,0,1,0,0,1,0,2
703,3717.5000,3715.0000,3720.0000,0,0,0,0,0,0,0,1,0,0,0,0,1
704,3722.5000,3720.0000,3725.0000,0,0,0,0,0,0,0,0,0,0,0,0,0
705,3727.5000,3725.0000,3730.0000,0,0,0,0,0,0,0,0,0,0,0,0,0
706,3732.5000,3730.0000,3735.0000,0,0,0,0,0,0,0,0,0,0,0,0,0
707,3737.5000,3735.0000,3740.0000,0,0,0,0,0,0,1,0,0,0,0,0,1
708,3742.5000,3740.0000,3745.0000,0,0,0,0,0,0,0,0,0,0,0,0,0
709,3747.5000,3745.0000,3750.0000,0,0,0,0,0,0,0,0,0,0,0,0,0
710,3752.5000,3750.0000,3755.0000,0,0,0,0,0,0,0,0,0,0,0,0,0
711,3757.5000,3755.0000,3760.0000,0,0,0,0,0,0,0,0,0,0,1,0,1
712,3762.5000,3760.0000,3765.0000,0,0,0,0,0,0,0,0,0,0,0,0,0
713,3767.5000,3765.0000,3770.0000,0,0,0,0,0,0,0,0,0,0,0,0,0
714,3772.5000,3770.0000,3775.0000,0,0,0,0,0,0,0,0,0,0,0,0,0
715,3777.5000,3775.0000,3780.0000,0,0,0,0,0,0,0,0,0,0,12,0,12
716,3782.5000,3780.0000,3785.0000,0,0,0,0,0,0,0,0,0,0,0,0,0
717,3787.5000,3785.0000,3790.0000,0,0,0,0,0,0,0,0,0,0,0,0,0
718,3792.5000,3790.0000,3795.0000,0,0,0,0,0,0,0,0,0,0,0,0,0
719,3797.5000,3795.0000,3800.0000,0,0,0,0,0,0,0,0,0,0,0,0,0
720,3802.5000,3800.0000,3805.0000,0,0,0,0,0,0,0,0,0,0,0,0,0
721,3807.5000,3805.0000,3810.0000,0,0,0,0,0,0,0,0,0,0,0,0,0
722,3812.5000,3810.0000,3815.0000,0,0,0,0,0,0,0,1,0,0,0,0,1
723,3817.5000,3815.0000,3820.0000,0,0,0,0,0,0,0,0,0,0,0,0,0
724,3822.5000,3820.0000,3825.0000,0,0,0,0,0,0,0,0,0,0,0,0,0
725,3827.5000,3825.0000,3830.0000,0,0,0,0,0,0,0,0,0,0,0,0,0
726,3832.5000,3830.0000,3835.0000,0,0,0,0,0,0,0,0,0,0,0,0,0
727,3837.5000,3835.0000,3840.0000,0,0,0,0,0,0,0,0,0,0,0,0,0
728,3842.5000,3840.0000,3845.0000,0,0,0,0,0,0,0,0,0,0,0,0,0
729,3847.5000,3845.0000,3850.0000,0,0,0,0,0,0,0,0,0,0,0,0,0
730,3852.5000,3850.0000,3855.0000,0,0,0,0,0,0,0,0,0,0,0,0,0
731,3857.5000,3855.0000,3860.0000,0,0,0,0,0,0,0,0,0,0,0,0,0
732,3862.5000,3860.0000,3865.0000,0,0,0,0,0,0,0,0,0,0,0,0,0
733,3867.5000,3865.0000,3870.0000,0,0,0,0,0,0,0,1,0,0,0,0,1
734,3872.5000,3870.0000,3875.0000,0,0,0,0,2,0,0,1,0,0,0,0,3
735,3877.5000,3875.0000,3880.0000,0,0,0,0,0,0,0,0,0,0,0,0,0
736,3882.5000,3880.0000,3885.0000,0,0,0,0,0,0,0,0,0,0,0,0,0
737,3887.5000,3885.0000,3890.0000,0,0,0,0,0,0,0,0,0,0,0,0,0
738,3892.5000,3890.0000,3895.0000,0,0,0,0,0,0,0,0,0,0,0,0,0
739,3897.5000,3895.0000,3900.0000,0,0,0,0,0,0,0,0,0,0,0,0,0
740,3902.5000,3900.0000,3905.0000,0,0,0,0,0,0,0,1,0,0,0,0,1
741,3907.5000,3905.0000,3910.0000,0,0,0,0,0,0,0,0,0,0,0,0,0
742,3912.5000,3910.0000,3915.0000,0,0,0,0,0,0,0,0,0,0,0,0,0
743,3917.5000,3915.0000,3920.0000,0,0,0,0,0,0,0,0,0,0,0,0,0
744,3922.5000,3920.0000,3925.0000,0,0,0,0,0,0,0,0,0,0,0,0,0
745,3927.5000,3925.0000,3930.0000,0,0,0,0,0,0,0,0,0,0,0,0,0
746,3932.5000,3930.0000,3935.0000,0,0,0,0,0,0,0,0,0,0,0,0,0
747,3937.5000,3935.0000,3940.0000,0,0,0,0,0,0,0,0,0,0,0,0,0
748,3942.5000,3940.0000,3945.0000,0,0,0,0,0,0,0,0,0,0,0,0,0
749,3947.5000,3945.0000,3950.0000,0,0,0,0,0,0,0,0,0,0,0,0,0
750,3952.5000,3950.0000,3955.0000,0,0,0,0,0,0,0,0,0,0,1,0,1
751,3957.5000,3955.0000,3960.0000,0,0,0,0,0,0,0,0,0,0,0,0,0
752,3962.5000,3960.0000,3965.0000,0,0,0,0,0,0,0,0,0,0,0,0,0
753,3967.5000,3965.0000,3970.0000,0,0,0,0,0,0,0,0,0,0,0,0,0
754,3972.5000,3970.0000,3975.0000,0,0,0,0,0,0,0,0,0,0,0,0,0
755,3977.5000,3975.0000,3980.0000,0,0,0,0,0,0,0,0,0,0,0,0,0
756,3982.5000,3980.0000,3985.0000,0,0,0,0,0,0,0,0,0,0,0,0,0
757,3987.5000,3985.0000,3990.0000,0,0,0,0,0,0,0,0,0,0,0,0,0
758,3992.5000,3990.0000,3995.0000,0,0,0,0,0,0,0,0,0,0,0,0,0
759,3997.5000,3995.0000,4000.0000,0,0,0,0,0,0,1,0,0,0,0,0,1
760,4002.5000,4000.0000,4005.0000,0,0,0,0,0,0,0,0,0,0,0,0,0
761,Total,Total,Total,1788,1756,8070,17,1917,15,984,989,2502,808,5985,0,24831
